<?xml version="1.0" encoding="UTF-8"?>
<!--
 Copyright (c) 2020 SAP SE or an SAP affiliate company. All rights reserved.
-->
<beans xmlns="http://www.springframework.org/schema/beans" xmlns:xsi="http://www.w3.org/2001/XMLSchema-instance" xmlns:util="http://www.springframework.org/schema/util"
	xsi:schemaLocation="http://www.springframework.org/schema/beans
		http://www.springframework.org/schema/beans/spring-beans.xsd
		http://www.springframework.org/schema/util
		http://www.springframework.org/schema/util/spring-util.xsd">

	<util:list id="messageConvertersV2">
		<ref bean="customJsonHttpMessageConverter"/>
		<ref bean="customXmlHttpMessageConverter"/>
	</util:list>

	<bean id="customJsonHttpMessageConverter" parent="jsonHttpMessageConverter">
		<property name="jaxbContextFactory" ref="customJaxbContextFactory" />
	</bean>
		
	<bean id="customXmlHttpMessageConverter" parent="xmlHttpMessageConverter">
		<property name="jaxbContextFactory" ref="customJaxbContextFactory" />
	</bean>

	<bean id="customJaxbContextFactory" parent="jaxbContextFactory">
		<property name="metadataSourceFactory" ref="customMetadataSourceFactory" />
		<property name="typeAdapters">
			<list>
				<value>de.hybris.platform.webservicescommons.jaxb.adapters.DateAdapter</value>
				<value>de.hybris.platform.webservicescommons.jaxb.adapters.StringMapAdapter</value>
				<value>de.hybris.platform.webservicescommons.jaxb.adapters.XSSStringAdapter</value>
			</list>
		</property>
	</bean>
	
	<bean id="customMetadataSourceFactory" parent="metadataSourceFactory">
		<property name="nameProvider" ref="customMetadataNameProvider" />
	</bean>
	
	<bean id="customMetadataNameProvider" parent="metadataNameProvider"></bean>

</beans>
