<?xml version="1.0" encoding="UTF-8"?>
<!--
 Copyright (c) 2020 SAP SE or an SAP affiliate company. All rights reserved.
-->
<beans xmlns="http://www.springframework.org/schema/beans" xmlns:xsi="http://www.w3.org/2001/XMLSchema-instance"
       xmlns:security="http://www.springframework.org/schema/security"
       xsi:schemaLocation="http://www.springframework.org/schema/beans
		http://www.springframework.org/schema/beans/spring-beans.xsd
		http://www.springframework.org/schema/security 
		http://www.springframework.org/schema/security/spring-security.xsd">


	<!-- Swagger resources -->
	<security:http pattern="/v2/#{configurationService.configuration.getProperty('springfox.documentation.swagger.v2.path')}" security="none"/>
	<security:http pattern="/v2/*swagger*/**" security="none"/>

	<!-- Commerce Webservices V2-->
	<http pattern="/v2/**" entry-point-ref="oauthAuthenticationEntryPointV2"
	      access-decision-manager-ref="webSecurityAccessDecisionManager"
	      xmlns="http://www.springframework.org/schema/security" create-session="stateless">

		<anonymous username="anonymous" granted-authority="ROLE_ANONYMOUS"/>
		<!--<session-management session-authentication-strategy-ref="fixation"/>-->

		<intercept-url pattern="/**" requires-channel="https"/>

		<port-mappings>
			<port-mapping http="#{configurationService.configuration.getProperty('tomcat.http.port')}"
			              https="#{configurationService.configuration.getProperty('tomcat.ssl.port')}"/>
			<port-mapping http="#{configurationService.configuration.getProperty('embeddedserver.http.port')}" 
						  https="#{configurationService.configuration.getProperty('embeddedserver.ssl.port')}" />
		</port-mappings>

		<custom-filter ref="resourceServerFilter" before="PRE_AUTH_FILTER"/>
		<access-denied-handler ref="oauthAccessDeniedHandlerV2"/>
		
		<headers >
			<content-type-options />
			<hsts include-subdomains="true" max-age-seconds="16070400" />
			<xss-protection />
			<security:frame-options disabled="true"/>
		</headers>
		<security:csrf disabled="true"/>
	</http>

	<bean id="oauthAuthenticationEntryPointV2" parent="oauthAuthenticationEntryPoint">
		<property name="exceptionRenderer" ref="oAuth2ExceptionRendererV2"/>
	</bean>

	<bean id="oauthAccessDeniedHandlerV2" parent="oauthAccessDeniedHandler">
		<property name="exceptionRenderer" ref="oAuth2ExceptionRendererV2"/>
	</bean>

	<bean id="oAuth2ExceptionRendererV2" parent="oAuth2ExceptionRenderer">
		<property name="messageConverters" ref="messageConvertersV2"/>
	</bean>
</beans>
