<?xml version="1.0" encoding="utf-8"?><testclasses><trainingcommercewebservices><testclass>com.hybris.training.auth.GuestAuthenticationTokenTest</testclass><testclass>com.hybris.training.xstream.XmlXStreamMarshallerFactoryTest</testclass><testclass>com.hybris.training.v2.filter.BaseSiteMatchingFilterTest</testclass><testclass>com.hybris.training.util.ws.impl.MessageSourceCompositeTest</testclass><testclass>com.hybris.training.v2.swagger.CommerceTypeNameProviderTest</testclass><testclass>com.hybris.training.util.ws.impl.AddonAwareMessageSourceTest</testclass><testclass>com.hybris.training.validator.CartVoucherValidatorTest</testclass><testclass>com.hybris.training.v2.filter.UserMatchingFilterTest</testclass><testclass>com.hybris.training.test.SearchQueryDataParserTest</testclass><testclass>com.hybris.training.errors.converters.CartModificationDataErrorConverterTest</testclass><testclass>com.hybris.training.util.ws.impl.ClasspathAwareMessageSourceTest</testclass><testclass>com.hybris.training.mapping.converters.StockLevelStatusConverterTest</testclass><testclass>com.hybris.training.mapping.converters.StatusSummaryConverterTest</testclass><testclass>com.hybris.training.v2.filter.CartMatchingFilterTest</testclass><testclass>com.hybris.training.errors.converters.CartVoucherValidationErrorConverterTest</testclass><testclass>com.hybris.training.filter.ConsentFilterTest</testclass><testclass>com.hybris.training.xstream.XmlXStreamFactoryTest</testclass><testclass>com.hybris.training.mapping.converters.ConsignmentStatusConverterTest</testclass><testclass>com.hybris.training.xstream.JsonXStreamFactoryTest</testclass></trainingcommercewebservices></testclasses>