<?xml version="1.0" encoding="UTF-8" standalone="no"?>
<!--
 Copyright (c) 2019 SAP SE or an SAP affiliate company. All rights reserved.
--><project name="trainingbackoffice_buildcallbacks">
    	
    <property name="trainingbackofficeWebFragmentSrc" value="${ext.trainingbackoffice.path}/resources/web-fragment.xml"/>
    	
    <property name="trainingbackofficeWebFragmentDestJar" value="${ext.backoffice.path}/web/webroot/WEB-INF/lib/webfragmentExt_trainingbackoffice.jar"/>
    	
    <macrodef name="trainingbackoffice_after_clean">
        		
        <sequential>
            			
            <trainingbackoffice_remove_web_fragment/>
            		
        </sequential>
        	
    </macrodef>
    	
    <macrodef name="trainingbackoffice_after_build">
        		
        <sequential>
            			
            <trainingbackoffice_remove_web_fragment/>
            			
            <trainingbackoffice_create_web_fragment/>
            		
        </sequential>
        	
    </macrodef>
    	
    <macrodef name="trainingbackoffice_remove_web_fragment">
        		
        <sequential>
            			
            <if>
                				
                <available file="${trainingbackofficeWebFragmentDestJar}"/>
                				
                <then>
                    					
                    <delete file="${trainingbackofficeWebFragmentDestJar}"/>
                    				
                </then>
                			
            </if>
            		
        </sequential>
        	
    </macrodef>
    	
    <macrodef name="trainingbackoffice_create_web_fragment">
        		
        <sequential>
            			
            <if>
                				
                <available file="${trainingbackofficeWebFragmentSrc}"/>
                				
                <then>
                    					
                    <sequential>
                        						
                        <jar destfile="${trainingbackofficeWebFragmentDestJar}">
                            							
                            <metainf file="${trainingbackofficeWebFragmentSrc}"/>
                            						
                        </jar>
                        					
                    </sequential>
                    				
                </then>
                			
            </if>
            		
        </sequential>
        	
    </macrodef>
    	
    <patternset id="trainingbackoffice.localization.pattern">
        		
        <!-- core and hmc  -->
        		
        <include name="**/*locales*_en.properties"/>
        		
        <exclude name="**/hmc/web/webroot/WEB-INF/classes/**/*"/>
        		
        <exclude name="**/unittest/**/*"/>
        		
        <!-- cockpit (ng) -->
        		
        <include name="**/i3-label_en.properties"/>
        		
        <include name="**/labels_en.properties"/>
        		
        <!-- messages -->
        		
        <include name="**/*messages_en.properties"/>
        		
        <include name="**/*messages.properties"/>
        		
        <!-- frontend properties files in WEB-INF/messages folder -->
        		
        <include name="**/WEB-INF/messages/*_en.properties"/>
        		
        <!-- csv and impex -->
        		
        <include name="**/*_en.csv"/>
        		
        <include name="**/*_en.impex"/>
        		
        <include name="**/lang-en.properties"/>
        		
        <!-- email localizations from yacceleratorcore -->
        		
        <include name="resources/**/messages/*_en.properties"/>
        		
        <!-- include validation messages -->
        		
        <include name="resources/**/ValidationMessages.properties"/>
        	
    </patternset>
    	
    <macrodef name="trainingbackoffice_before_build">
        		
        <sequential>
            			
            <register_sass_extension extensionname="trainingbackoffice"/>
            			
            <register_sass_extension destination="" extensionname="trainingbackoffice" resources="resources"/>
            		
        </sequential>
        	
    </macrodef>
    
</project>
