<!--
 Copyright (c) 2020 SAP SE or an SAP affiliate company. All rights reserved.
-->
<project xmlns="http://maven.apache.org/POM/4.0.0" xmlns:xsi="http://www.w3.org/2001/XMLSchema-instance"
	xsi:schemaLocation="http://maven.apache.org/POM/4.0.0 http://maven.apache.org/xsd/maven-4.0.0.xsd">
	<modelVersion>4.0.0</modelVersion>
	<groupId>de.hybris.platform</groupId>
	<artifactId>trainingcommercewebservices.web</artifactId>
	<version>2005.2</version>

	<packaging>jar</packaging>

	<dependencies>
		<dependency>
			<groupId>org.glassfish.web</groupId>
			<artifactId>javax.servlet.jsp.jstl</artifactId>
			<version>1.2.5</version>
		</dependency>
		<dependency>
			<groupId>net.java.dev.stax-utils</groupId>
			<artifactId>stax-utils</artifactId>
			<version>20070216</version>
			<exclusions>
				<exclusion>
					<groupId>com.bea.xml</groupId>
					<artifactId>jsr173-ri</artifactId>
				</exclusion>
			</exclusions>
		</dependency>
	</dependencies>
</project>
