<?xml version="1.0" encoding="UTF-8"?>
<!--
 Copyright (c) 2020 SAP SE or an SAP affiliate company. All rights reserved.
-->
<beans xmlns="http://www.springframework.org/schema/beans"
	   xmlns:xsi="http://www.w3.org/2001/XMLSchema-instance"
	   xmlns:context="http://www.springframework.org/schema/context"
	   xsi:schemaLocation="http://www.springframework.org/schema/beans
	                       http://www.springframework.org/schema/beans/spring-beans.xsd http://www.springframework.org/schema/context http://www.springframework.org/schema/context/spring-context.xsd">

	<import resource="common/xstream-converters-spring.xml"/>
	<import resource="common/cache-config-spring.xml"/>
	<import resource="common/error-config-spring.xml"/>
	<import resource="common/filter-config-spring.xml"/>
	<import resource="common/security-spring.xml"/>

	<context:annotation-config/>
	<context:component-scan
			base-package="com.hybris.training.validator, com.hybris.training.populator"
			scope-resolver="de.hybris.platform.spring.IgnoreTenantScopeMetadataResolver"/>

	<bean id="webLazyInitOverrideBeanFactoryPostProcessor" parent="lazyInitOverrideBeanFactoryPostProcessor" />

	<bean id="listMergeBeanPostProcessor"
	      class="de.hybris.platform.spring.config.ListMergeDirectiveBeanPostProcessor"/>
	<bean id="mapMergeBeanPostProcessor"
	      class="de.hybris.platform.spring.config.MapMergeDirectiveBeanPostProcessor"/>
	      
	<bean id="commerceWebServicesSaveCartRestorationHook" class="com.hybris.training.cart.hooks.CommerceWebServicesSaveCartRestorationHook" />
	 <bean id="commerceWebServicesSaveCartRestoreMethodHooksListMergeDirective" depends-on="commerceSaveCartRestorationMethodHooks" parent="listMergeDirective" >
	     <property name="add" ref="commerceWebServicesSaveCartRestorationHook" />
	 </bean>

	<alias name="defaultPaymentProviderRequestSupportedStrategy" alias="paymentProviderRequestSupportedStrategy"/>
	<bean id="defaultPaymentProviderRequestSupportedStrategy"
		  class="com.hybris.training.request.support.impl.PaymentProviderRequestSupportedStrategy">
		<property name="paymentProviderStrategy" ref="commercePaymentProviderStrategy"/>
		<property name="unsupportedRequestMap">
			<map>
				<entry>
					<key>
						<value>cisCybersource</value>
					</key>
					<list>
						<value>addPaymentDetails</value>
					</list>
				</entry>
			</map>
		</property>
	</bean>
</beans>
