<?xml version="1.0" encoding="ISO-8859-1"?>
<!--
 Copyright (c) 2020 SAP SE or an SAP affiliate company. All rights reserved.
-->
<beans xmlns:xsi="http://www.w3.org/2001/XMLSchema-instance" xsi:noNamespaceSchemaLocation="beans.xsd">

	<enum class="com.hybris.training.populator.options.PaymentInfoOption">
		<value>BASIC</value>
		<value>BILLING_ADDRESS</value>
	</enum>

	<!--auth response  -->
	<bean class="com.hybris.training.auth.data.LogoutResponse">
		<property name="success" type="boolean"/>
	</bean>

	<!-- storesession data -->

	<bean class="com.hybris.training.storesession.data.LanguageDataList">
		<property name="languages"
		          type="java.util.Collection&lt;de.hybris.platform.commercefacades.storesession.data.LanguageData>"/>
	</bean>

	<bean class="com.hybris.training.storesession.data.CurrencyDataList">
		<property name="currencies"
		          type="java.util.Collection&lt;de.hybris.platform.commercefacades.storesession.data.CurrencyData>"/>
	</bean>

	<!-- order data -->

	<bean class="com.hybris.training.order.data.CartDataList">
		<property name="carts"
		          type="java.util.List&lt;de.hybris.platform.commercefacades.order.data.CartData>"/>
	</bean>

	<bean class="com.hybris.training.order.data.OrderEntryDataList">
		<property name="orderEntries"
		          type="java.util.List&lt;de.hybris.platform.commercefacades.order.data.OrderEntryData>"/>
	</bean>

	<bean class="com.hybris.training.order.data.CardTypeDataList">
		<property name="cardTypes"
		          type="java.util.List&lt;de.hybris.platform.commercefacades.order.data.CardTypeData>"/>
	</bean>

	<!-- product data -->

	<bean class="com.hybris.training.product.data.ProductDataList">
		<property name="products"
		          type="java.util.List&lt;de.hybris.platform.commercefacades.product.data.ProductData>"/>
		<property name="catalog" type="String"/>
		<property name="version" type="String"/>
		<property name="totalProductCount" type="int"/>
		<property name="totalPageCount" type="int"/>
		<property name="currentPage" type="int"/>
	</bean>

	<bean class="com.hybris.training.product.data.PromotionDataList">
		<property name="promotions"
		          type="java.util.List&lt;de.hybris.platform.commercefacades.product.data.PromotionData>"/>
	</bean>

	<bean class="com.hybris.training.product.data.PromotionResultDataList">
		<property name="promotions"
		          type="java.util.List&lt;de.hybris.platform.commercefacades.product.data.PromotionResultData>"/>
	</bean>

	<bean class="com.hybris.training.product.data.ReviewDataList">
		<property name="reviews" type="java.util.List&lt;de.hybris.platform.commercefacades.product.data.ReviewData>"/>
	</bean>

	<bean class="com.hybris.training.product.data.SuggestionDataList">
		<property name="suggestions"
		          type="java.util.List&lt;de.hybris.platform.commercefacades.product.data.SuggestionData>"/>
	</bean>

	<!-- user data -->

	<bean class="com.hybris.training.user.data.TitleDataList">
		<property name="titles" type="java.util.List&lt;de.hybris.platform.commercefacades.user.data.TitleData>"/>
	</bean>

	<bean class="com.hybris.training.user.data.CountryDataList">
		<property name="countries" type="java.util.List&lt;de.hybris.platform.commercefacades.user.data.CountryData>"/>
	</bean>

	<bean class="com.hybris.training.user.data.RegionDataList">
		<property name="regions"
				  type="java.util.List&lt;de.hybris.platform.commercefacades.user.data.RegionData>"/>
	</bean>

	<bean class="com.hybris.training.user.data.AddressDataList">
		<property name="addresses" type="java.util.List&lt;de.hybris.platform.commercefacades.user.data.AddressData>"/>
	</bean>

	<!-- voucher data -->
	<bean class="com.hybris.training.voucher.data.VoucherDataList">
		<property name="vouchers"
		          type="java.util.List&lt;de.hybris.platform.commercefacades.voucher.data.VoucherData>"/>
	</bean>

	<!-- validation data -->
	<bean class="com.hybris.training.validation.data.AddressValidationData">
		<property name="errors" type="de.hybris.platform.webservicescommons.dto.error.ErrorListWsDTO"/>
		<property name="decision" type="String"/>
		<property name="suggestedAddressesList"
		          type="com.hybris.training.user.data.AddressDataList"/>
	</bean>

	<bean class="com.hybris.training.validation.data.CartVoucherValidationData">
		<property name="subject" type="String" />
	</bean>

	<bean class="com.hybris.training.validation.data.CartVoucherValidationDataList">
		<property name="CartVoucherValidationDataList"
				  type="java.util.List&lt;com.hybris.training.validation.data.CartVoucherValidationData>"/>
	</bean>

	<bean class="com.hybris.training.user.data.LoginChangeResponse">
		<property name="success" type="boolean"/>
	</bean>

	<bean class="com.hybris.training.user.data.PasswordRestoreResponse">
		<property name="success" type="boolean"/>
	</bean>

	<!-- update queues -->

	<bean class="com.hybris.training.queues.data.ProductExpressUpdateElementData">
		<property name="code" type="String"/>
		<property name="catalogId" type="String"/>
		<property name="catalogVersion" type="String"/>
	</bean>

	<bean class="com.hybris.training.queues.data.ProductExpressUpdateElementDataList">
		<property name="productExpressUpdateElements"
		          type="java.util.List&lt;com.hybris.training.queues.data.ProductExpressUpdateElementData>"/>
	</bean>

	<bean class="com.hybris.training.queues.data.OrderStatusUpdateElementData">
		<property name="code" type="String"/>
		<property name="status" type="String"/>
		<property name="baseSiteId" type="String"/>
	</bean>

	<bean class="com.hybris.training.queues.data.OrderStatusUpdateElementDataList">
		<property name="orderStatusUpdateElements"
		          type="java.util.List&lt;com.hybris.training.queues.data.OrderStatusUpdateElementData>"/>
	</bean>

	<bean class="com.hybris.training.store.data.StoreCountListData">
		<property name="countriesAndRegionsStoreCount"
				  type="java.util.List&lt;de.hybris.platform.commercefacades.store.data.StoreCountData>"/>
	</bean>

	<!-- Consent management -->
	<bean class="com.hybris.training.consent.data.ConsentTemplateDataList">
		<property name="consentTemplates"
				  type="java.util.List&lt;de.hybris.platform.commercefacades.consent.data.ConsentTemplateData>"/>
	</bean>

	<!-- Base Sites -->
	<bean class="com.hybris.training.basesite.data.BaseSiteDataList">
		<property name="baseSites"
				  type="java.util.List&lt;de.hybris.platform.commercefacades.basesite.data.BaseSiteData>"/>
	</bean>

	<bean class="com.hybris.training.returns.data.ReturnRequestsData">
		<property name="returnRequests"
				  type="java.util.List&lt;de.hybris.platform.ordermanagementfacades.returns.data.ReturnRequestData>"/>
		<property name="sorts" type="java.util.List&lt;de.hybris.platform.commerceservices.search.pagedata.SortData>"/>
		<property name="pagination" type="de.hybris.platform.commerceservices.search.pagedata.PaginationData"/>
	</bean>

	<bean class="de.hybris.platform.commercewebservicescommons.dto.product.ProductWsDTO">
		<property name="weight" type="java.lang.String"/>
	</bean>
	<bean class="de.hybris.platform.commercewebservicescommons.dto.user.UserWsDTO">
		<property name="phoneNumber" type="java.lang.String"/>
	</bean>
	<bean class="de.hybris.platform.commercewebservicescommons.dto.user.UserSignUpWsDTO">
		<property name="phoneNumber" type="java.lang.String"/>
	</bean>
</beans>
