<?xml version="1.0" encoding="UTF-8"?>
<!--
 Copyright (c) 2020 SAP SE or an SAP affiliate company. All rights reserved.
-->
<beans xmlns="http://www.springframework.org/schema/beans" xmlns:xsi="http://www.w3.org/2001/XMLSchema-instance" xmlns:util="http://www.springframework.org/schema/util"
	xsi:schemaLocation="http://www.springframework.org/schema/beans
		http://www.springframework.org/schema/beans/spring-beans.xsd
		http://www.springframework.org/schema/util
		http://www.springframework.org/schema/util/spring-util.xsd">

	<beans>
		<bean id="commerceWebServicesFilterChain" class="de.hybris.platform.servicelayer.web.PlatformFilterChain">
			<constructor-arg>
				<ref bean="commerceWebServicesFilterChainList" />
			</constructor-arg>
		</bean>

		<alias name="defaultCommerceWebServicesFilterChainList" alias="commerceWebServicesFilterChainList" />
		<util:list id="defaultCommerceWebServicesFilterChainList">
			<!-- generic platform filters -->
			<ref bean="log4jFilter" />
			<ref bean="tenantActivationFilter" />
			<ref bean="sessionFilter" />

			<!-- Security -->
			<ref bean="springSecurityFilterChain" />
            <ref bean="polyglotPersistenceCallbackFilter"/>
		</util:list>
		
	</beans>
</beans>
